"","p_val","avg_log2FC","pct.1","pct.2","p_val_adj"
"zfh2",7.302283485416e-44,0.38233325786506,0.456,0.707,1.01720808951845e-40
"pros",5.95144381517079e-11,0.417477486995396,0.859,0.957,8.29036123453291e-08
