"","p_val","avg_log2FC","pct.1","pct.2","p_val_adj"
"hth",2.87640858673703e-58,1.22452758889825,0.976,0.866,4.00683716132469e-55
"Dbx",2.08683591421194e-28,1.69445762368757,0.7,0.554,2.90696242849723e-25
