"","p_val","avg_log2FC","pct.1","pct.2","p_val_adj"
"Lim1",7.83240017867446e-21,1.23127940514805,0.986,0.719,1.09105334488935e-17
"Rx",4.22030143774128e-05,0.539332830228893,0.71,0.575,0.058788799027736
